/home/njucs/SE_lab/blog/input/4A/48762087.cpp,/home/njucs/SE_lab/blog/input/4A/173077807.cpp
/home/njucs/SE_lab/blog/input/4A/48762087.cpp,/home/njucs/SE_lab/blog/input/4A/84822638.cpp
/home/njucs/SE_lab/blog/input/4A/48762087.cpp,/home/njucs/SE_lab/blog/input/4A/84822639.cpp
/home/njucs/SE_lab/blog/input/4A/48762087.cpp,/home/njucs/SE_lab/blog/input/4A/134841308.cpp
/home/njucs/SE_lab/blog/input/4A/48762087.cpp,/home/njucs/SE_lab/blog/input/4A/127473352.cpp
/home/njucs/SE_lab/blog/input/4A/48762087.cpp,/home/njucs/SE_lab/blog/input/4A/101036360.cpp
/home/njucs/SE_lab/blog/input/4A/48762087.cpp,/home/njucs/SE_lab/blog/input/4A/117364748.cpp
/home/njucs/SE_lab/blog/input/4A/173077807.cpp,/home/njucs/SE_lab/blog/input/4A/84822638.cpp
/home/njucs/SE_lab/blog/input/4A/173077807.cpp,/home/njucs/SE_lab/blog/input/4A/84822639.cpp
/home/njucs/SE_lab/blog/input/4A/173077807.cpp,/home/njucs/SE_lab/blog/input/4A/127473352.cpp
/home/njucs/SE_lab/blog/input/4A/173077807.cpp,/home/njucs/SE_lab/blog/input/4A/101036360.cpp
/home/njucs/SE_lab/blog/input/4A/173077807.cpp,/home/njucs/SE_lab/blog/input/4A/117364748.cpp
/home/njucs/SE_lab/blog/input/4A/84822638.cpp,/home/njucs/SE_lab/blog/input/4A/84822639.cpp
/home/njucs/SE_lab/blog/input/4A/84822638.cpp,/home/njucs/SE_lab/blog/input/4A/127473352.cpp
/home/njucs/SE_lab/blog/input/4A/84822638.cpp,/home/njucs/SE_lab/blog/input/4A/101036360.cpp
/home/njucs/SE_lab/blog/input/4A/84822638.cpp,/home/njucs/SE_lab/blog/input/4A/117364748.cpp
/home/njucs/SE_lab/blog/input/4A/84822639.cpp,/home/njucs/SE_lab/blog/input/4A/134841308.cpp
/home/njucs/SE_lab/blog/input/4A/84822639.cpp,/home/njucs/SE_lab/blog/input/4A/127473352.cpp
/home/njucs/SE_lab/blog/input/4A/84822639.cpp,/home/njucs/SE_lab/blog/input/4A/101036360.cpp
/home/njucs/SE_lab/blog/input/4A/84822639.cpp,/home/njucs/SE_lab/blog/input/4A/117364748.cpp
/home/njucs/SE_lab/blog/input/4A/134841308.cpp,/home/njucs/SE_lab/blog/input/4A/101036360.cpp
/home/njucs/SE_lab/blog/input/4A/134841308.cpp,/home/njucs/SE_lab/blog/input/4A/117364748.cpp
/home/njucs/SE_lab/blog/input/4A/127473352.cpp,/home/njucs/SE_lab/blog/input/4A/101036360.cpp
/home/njucs/SE_lab/blog/input/4A/127473352.cpp,/home/njucs/SE_lab/blog/input/4A/117364748.cpp
/home/njucs/SE_lab/blog/input/4A/101036360.cpp,/home/njucs/SE_lab/blog/input/4A/117364748.cpp
